{
  "project_info": {
    "project_number": "439440053379",
    "project_id": "tp10-75a45",
    "storage_bucket": "tp10-75a45.firebasestorage.app"
  },
  "client": [
    {
      "client_info": {
        "mobilesdk_app_id": "1:439440053379:android:72aaf0fb65032496a3f7b6",
        "android_client_info": {
          "package_name": "ma.projet.tp10"
        }
      },
      "oauth_client": [],
      "api_key": [
        {
          "current_key": "AIzaSyAY6xlmr5-Hu88VBbybF2lKlyjbCtYBj18"
        }
      ],
      "services": {
        "appinvite_service": {
          "other_platform_oauth_client": []
        }
      }
    }
  ],
  "configuration_version": "1"
}